<?xml version="1.0" encoding="UTF-8"?>
<beans xmlns="http://www.springframework.org/schema/beans"
       xmlns:xsi="http://www.w3.org/2001/XMLSchema-instance"
       xsi:schemaLocation="http://www.springframework.org/schema/beans
      http://www.springframework.org/schema/beans/spring-beans-3.0.xsd">

    <bean id="sqlSessionFactory" class="org.mybatis.spring.SqlSessionFactoryBean">
        <property name="dataSource" ref="dataSource" />
    </bean>

    <bean class="org.mybatis.spring.mapper.MapperScannerConfigurer">
        <property name="basePackage" value="us.codecraft.jobhunter.dao" />
    </bean>

    <bean id="dataSource" class="org.apache.commons.dbcp.BasicDataSource"
          destroy-method="close">
        <property name="driverClassName" value="com.mysql.jdbc.Driver" />
        <!--<property name="url" value="jdbc:mysql://127.0.0.1:3306/JobHunter?characterEncoding=UTF-8" />-->
        <!--<property name="username" value="root" />-->
        <!--<property name="password" value="" />-->
        <property name="url" value="jdbc:mysql://192.168.200.23:3307/xiaozao-prod?characterEncoding=UTF-8" />
        <property name="username" value="root" />
        <property name="password" value="root" />
    </bean>

</beans>